<?xml version="1.0" encoding="UTF-8"?>
<project-private xmlns="http://www.netbeans.org/ns/project-private/1">
    <editor-bookmarks xmlns="http://www.netbeans.org/ns/editor-bookmarks/2" lastBookmarkId="0"/>
    <open-files xmlns="http://www.netbeans.org/ns/projectui-open-files/2">
        <group>
            <file>file:/C:/Users/16227127655/Documents/NetBeansProjects/Guilherme_Assis_12032024/src/guilherme_assis_12032024/Medico.java</file>
            <file>file:/C:/Users/16227127655/Documents/NetBeansProjects/Guilherme_Assis_12032024/src/guilherme_assis_12032024/Teste.java</file>
            <file>file:/C:/Users/16227127655/Documents/NetBeansProjects/Guilherme_Assis_12032024/src/guilherme_assis_12032024/Paciente.java</file>
            <file>file:/C:/Users/16227127655/Documents/NetBeansProjects/Guilherme_Assis_12032024/src/guilherme_assis_12032024/Enfermeiro.java</file>
            <file>file:/C:/Users/16227127655/Documents/NetBeansProjects/Guilherme_Assis_12032024/src/guilherme_assis_12032024/Guilherme_Assis_12032024.java</file>
            <file>file:/C:/Users/16227127655/Documents/NetBeansProjects/Guilherme_Assis_12032024/src/guilherme_assis_12032024/Internação.java</file>
        </group>
    </open-files>
</project-private>
